week,partial,runs,runH,easyH,hardH,longMin,longRatio,longDec,easyPace,easyEf,sleep,rhr,hrv,speedDays,speed,fivek,bridge,goal,mile,fast
2025-06-23,False,2,0.48,5.14,0.15,20.0,1.37,,,,6.92,64.5,47.8,0,0,0,0,0,0,0
2025-06-30,False,1,0.42,2.71,0.0,25.0,,,,,5.33,63.0,79.3,0,0,0,0,0,0,0
2025-07-07,False,1,0.38,5.22,0.0,23.0,,,,,6.96,67.0,66.0,0,0,0,0,0,0,0
2025-07-14,False,2,0.64,2.91,0.54,23.0,1.2,,,,7.39,66.0,48.2,0,0,0,0,0,0,0
2025-07-21,False,0,0.0,2.04,0.0,0,,,,,5.86,67.0,49.4,0,0,0,0,0,0,0
2025-07-28,False,7,0.6,2.75,0.43,10.0,1.99,,,,6.45,66.0,62.7,0,0.5,0.2,0.2,0,0,1.2
2025-08-04,False,1,0.5,2.01,0.0,30.0,,,,,6.76,67.0,46.2,0,0,0,0,0,0,0
2025-08-11,False,0,0.0,3.69,0.0,0,,,,,6.83,67.0,42.6,0,0,0,0,0,0,0
2025-08-18,False,0,0.0,2.7,0.0,0,,,,,6.75,66.0,37.3,0,0,0,0,0,0,0
2025-08-25,False,3,1.2,3.63,0.6,36.0,1.49,,,,5.78,64.0,44.9,0,0,0,0,0,0,0
2025-09-01,False,1,0.47,4.39,0.0,28.0,,,,,6.49,66.0,46.5,0,0,0,0,0,0,0
2025-09-08,False,3,1.25,2.06,1.17,40.0,1.59,,,,6.33,66.0,51.1,0,0.2,0.2,0,0,0,0.2
2025-09-15,False,5,1.17,4.21,0.93,31.0,2.2,,,,6.13,65.0,44.1,0,0.2,0,0.2,0,0,0.5
2025-09-22,False,3,1.39,2.54,1.28,51.0,1.84,,,,6.4,62.0,68.6,0,0,0,0,0,0,0
2025-09-29,False,3,1.45,5.78,1.45,34.0,1.18,,,,6.55,68.0,51.0,0,0.5,0.5,0,0,0,0.5
2025-10-06,False,4,1.45,3.5,1.35,47.0,2.14,,,,6.09,66.0,51.8,0,0,0,0.2,0,0,0.2
2025-10-13,False,2,0.35,1.67,0.35,16.0,1.48,,,,6.11,66.0,81.3,0,0.2,0.2,0,0,0,0.2
2025-10-20,False,0,0.0,0.0,0.0,0,,,,,,,,0,0,0,0,0,0,0
2025-10-27,False,0,0.0,0.0,0.0,0,,,,,6.88,64.5,31.4,0,0,0,0,0,0,0
2025-11-03,False,1,0.5,3.27,0.5,30.0,,,,,6.57,67.0,43.3,0,0,0,0,0,0,0
2025-11-10,False,3,0.72,1.23,0.72,22.0,1.53,,,,6.03,70.0,52.5,0,0.2,0,0.2,0.2,0.2,1.2
2025-11-17,False,2,1.22,2.33,1.23,40.0,1.09,,,,7.6,68.0,60.1,0,0.5,0.5,0,0,0,0.5
2025-11-24,False,3,0.78,4.3,0.71,27.0,1.75,,,,6.54,69.0,42.3,0,0,0,0.5,0,0,0.5
2025-12-01,False,5,1.39,5.32,0.76,35.0,2.09,,,,5.91,65.0,48.2,0,0.5,0.5,0.2,0,0,1.0
2025-12-08,False,3,0.84,2.76,0.84,24.0,1.4,,,,5.03,64.0,65.9,0,0.5,0.5,0.7,0,0,1.5
2025-12-15,False,6,0.9,4.09,0.82,25.0,2.79,,,,6.93,63.0,43.2,0,1.0,0.7,0.2,0.2,0,2.2
2025-12-22,False,2,1.07,1.59,1.07,35.0,1.1,,,,5.94,69.0,42.7,0,0.2,0,0,0,0,0.5
2025-12-29,False,4,1.73,4.35,1.65,37.0,1.44,,,,6.56,63.5,53.8,0,0.2,0.2,0,0,0,0.5
2026-01-05,False,5,1.51,4.09,1.42,35.0,1.93,,,,6.35,66.0,69.3,0,0.5,0.2,0.2,0,0,1.0
2026-01-12,False,0,0.0,0.3,0.0,0,,,,,5.43,68.0,39.6,0,0,0,0,0,0,0
2026-01-19,False,0,0.0,1.76,0.0,0,,,,,7.37,59.0,83.7,0,0,0,0,0,0,0
2026-01-26,False,1,0.42,1.08,0.0,25.0,,,,,5.22,66.0,50.8,0,0.5,0,0,0,0,0.5
2026-02-02,False,4,1.48,3.26,1.39,36.0,1.6,,,,7.17,66.0,47.7,0,0.5,0.5,0.5,0,0,1.2
2026-02-09,False,3,0.97,2.41,0.89,36.0,1.85,,,,6.34,66.5,50.1,0,0.5,0.5,0,0,0,0.5
2026-02-16,False,2,1.14,1.43,1.14,39.0,1.13,,,,5.5,70.0,52.0,0,0.7,0.7,0.2,0,0,1.2
2026-02-23,False,1,0.6,0.88,0.6,36.0,,,,,6.26,65.5,52.4,0,0.2,0.2,0,0,0,0.2
2026-03-02,False,4,1.18,1.17,0.42,25.0,1.43,,,,5.78,66.0,37.2,0,0,0,0,0,0,0
2026-03-09,False,4,1.86,0.83,1.6,46.0,1.64,,,,6.71,63.0,57.7,0,0,0,0,0,0,0
2026-03-16,False,3,1.58,2.3,0.67,40.0,1.27,,,,5.99,66.0,54.5,0,0,0,0,0,0,0
2026-03-23,False,4,2.23,2.38,0.12,76.0,2.27,,9.67,0.878,6.71,63.0,44.9,0,0,0,0,0,0,0
2026-03-30,False,3,3.36,6.24,0.0,82.0,1.21,,10.14,0.823,6.96,59.0,51.7,0,0,0,0,0,0,0
2026-04-06,False,3,3.65,4.85,0.0,99.0,1.35,,10.77,0.773,6.78,66.0,49.3,0,0,0,0,0,0,0
2026-04-13,False,1,1.0,5.48,0.0,60.0,,,,,5.32,70.0,53.9,0,0,0,0,0,0,0
2026-04-20,False,3,3.0,6.8,0.0,60.0,1.0,,,,7.16,67.0,47.6,0,0,0,0,0,0,0
2026-04-27,False,4,3.6,5.76,0.0,87.0,1.61,,11.32,0.738,6.31,62.0,72.5,0,0,0,0,0,0,0
2026-05-04,False,2,1.65,4.52,0.0,60.0,1.21,,,,6.05,63.0,77.9,0,0,0,0,0,0,0
2026-05-11,False,1,1.0,2.08,0.0,60.0,,,,,5.08,65.0,54.4,0,0,0,0,0,0,0
2026-05-18,False,0,0.0,1.55,0.0,0,,,,,4.59,64.0,91.3,0,0,0,0,0,0,0
2026-05-25,False,3,3.82,8.26,0.0,109.0,1.43,,10.89,0.741,7.59,68.0,51.1,0,0,0,0,0,0,0
2026-06-01,False,1,1.8,7.74,0.0,108.0,,-0.5,10.82,0.674,5.23,69.0,42.6,0,0,0,0,0,0,0
2026-06-08,False,1,1.0,6.96,0.0,60.0,,,,,6.95,64.0,54.0,0,0,0,0,0,0,0
2026-06-15,False,0,0.0,3.05,0.0,0,,,,,6.03,63.0,48.9,0,0,0,0,0,0,0
2026-06-22,False,2,1.14,10.5,0.14,60.0,1.75,,,,6.24,63.0,55.5,1,0,0,0,0,2.2,2.9
2026-06-29,False,0,0.0,10.0,0.0,0,,,,,5.36,60.0,60.3,0,0,0,0,0,0,0
2026-07-06,False,2,2.0,9.78,0.0,60.0,1.0,,,,6.19,64.0,64.8,0,0,0,0,0,0,0
2026-07-13,False,0,0.0,6.3,0.0,0,,,,,5.21,64.0,62.6,0,0,0,0,0,0,0
2026-07-20,False,3,2.14,9.04,0.14,60.0,1.4,,,,6.94,64.0,62.8,1,0.2,0,0.2,0,2.5,3.7
2026-07-27,False,2,2.0,9.96,0.0,60.0,1.0,,,,5.55,65.0,58.9,0,0,0,0,0,0,0
2026-08-03,False,2,2.07,7.3,0.0,64.0,1.03,,,,6.75,66.0,51.8,0,0,0,0,0,0,0
2026-08-10,False,1,1.0,6.87,0.0,60.0,,,,,6.93,65.0,53.2,0,0,0,0,0,0,0
2026-08-17,False,4,3.02,7.27,0.0,59.0,1.3,,,,5.67,66.0,41.7,1,0,0,0.2,0.7,1.5,3.2
2026-08-24,False,3,2.25,8.54,0.0,66.0,1.47,,,,5.81,66.0,44.4,1,0.2,0.2,0.2,0.2,2.0,3.2
2026-08-31,False,1,0.98,5.46,0.0,59.0,,,,,5.83,66.0,43.3,0,0,0,0,0,0,0
2026-09-07,False,0,0.0,4.22,0.0,0,,,,,5.55,67.0,49.8,0,0,0,0,0,0,0
2026-09-14,False,2,1.67,4.91,0.0,59.0,1.18,,,,5.82,67.0,53.7,0,0,0,0,0,0,0
2026-09-21,False,1,1.0,5.31,0.0,60.0,,,,,6.92,65.0,42.5,0,0,0,0,0,0,0
2026-09-28,False,8,2.98,5.77,0.37,54.0,2.41,,10.79,0.829,6.14,67.0,55.1,2,1.5,1.0,1.7,3.0,3.0,14.7
